HLC_true,HLC_rf,HLC_mlp,Bias_rf,Abs_Bias_rf,Bias_mlp,Abs_Bias_mlp,Avg_Text_24,Avg_Text_test,STM_Bias,STM_Abs_Bias
674.0,674.729787121435,684.3540854679261,0.00108277020984427,0.00108277020984427,0.015362144611166317,0.015362144611166317,7.912500000000001,8.62,0.0840551821005841,0.0840551821005841
707.6,701.1978297714043,706.9844568149418,-0.00904772502628005,0.00904772502628005,-0.0008699027488103255,0.0008699027488103255,0.09083333333333361,5.521666666666668,-0.1001186089712685,0.1001186089712685
654.0,687.3732598038005,664.4129263699801,0.051029449241285114,0.051029449241285114,0.01592190576449563,0.01592190576449563,11.151666666666666,14.085000000000003,-0.1496075476315416,0.1496075476315416
676.0,685.3636933284196,685.8150128157583,0.013851617349733095,0.013851617349733095,0.014519249727453162,0.014519249727453162,8.605833333333335,9.168333333333337,0.0667549217858734,0.0667549217858734
692.0,674.3554061371074,675.521124385099,-0.025497968009960455,0.025497968009960455,-0.02381340406777597,0.02381340406777597,13.368333333333334,11.585,-0.0615093471264841,0.0615093471264841
678.2,672.999862384802,673.8023868152956,-0.007667557675019255,0.007667557675019255,-0.006484242383816695,0.006484242383816695,-1.9466666666666665,2.1016666666666666,-0.1103486002795093,0.1103486002795093
684.9333333333333,690.0205173597539,681.5808324768661,0.00742726887252371,0.00742726887252371,-0.004894638198073504,0.004894638198073504,7.61,10.41,0.0993993970830121,0.0993993970830121
704.9333333333332,707.9430361749972,695.2643163341496,0.00426948577879338,0.00426948577879338,-0.013716214770924282,0.013716214770924282,10.993333333333334,12.060000000000002,-0.1713670573561209,0.1713670573561209
677.1333333333333,680.3146525672164,684.1599804585803,0.004698216846337117,0.004698216846337117,0.010377050987368804,0.010377050987368804,12.768333333333336,2.495000000000001,0.0519364683410757,0.0519364683410757
712.0000000000001,708.6974904457982,718.4277415032851,-0.004638356115452172,0.004638356115452172,0.009027726830456467,0.009027726830456467,4.930833333333333,9.660000000000002,0.0103236223096373,0.0103236223096373
695.9333333333333,714.3785196473528,723.5979304776756,0.026504243194778572,0.026504243194778572,0.039751792045706974,0.039751792045706974,8.9475,12.269999999999998,-0.1115452092963658,0.1115452092963658
677.5999999999999,651.5455479427521,648.8456638475162,-0.038451080367839105,0.038451080367839105,-0.042435561027868496,0.042435561027868496,4.8875,11.755,-0.2244980977821818,0.2244980977821818
691.5999999999999,667.0753231015194,676.0480027186719,-0.03546078209728239,0.03546078209728239,-0.022486982766524003,0.022486982766524003,7.722500000000001,8.143333333333333,-0.1306782234234405,0.1306782234234405
699.8666666666667,700.1570477699672,697.1776260239586,0.00041490917789180814,0.00041490917789180814,-0.0038422184835798017,0.0038422184835798017,2.4491666666666663,9.871666666666668,-0.0704875166361407,0.0704875166361407
716.4,724.3706170533992,727.3374277938374,0.011125931118647715,0.011125931118647715,0.0152672079757641,0.0152672079757641,13.735000000000001,5.293333333333331,0.013902746329613,0.013902746329613
701.8666666666667,721.0716567754868,707.291870086083,0.02736273286780977,0.02736273286780977,0.007729678124168409,0.007729678124168409,13.300833333333335,9.486666666666666,-0.0422993164467178,0.0422993164467178
721.0666666666667,710.7062049511104,714.3194619498751,-0.01436824387327521,0.01436824387327521,-0.009357255062118607,0.009357255062118607,-1.4416666666666664,5.396666666666668,-0.0776016475798532,0.0776016475798532
696.5999999999999,698.0342043383791,691.3133381604606,0.002058863534853907,0.002058863534853907,-0.007589236060205723,0.007589236060205723,8.240833333333333,8.968333333333332,-0.1111403468477479,0.1111403468477479
752.6000000000001,792.5640009330614,784.4420045619308,0.05310125024323842,0.05310125024323842,0.042309333725658656,0.042309333725658656,14.714166666666666,13.968333333333334,0.2765913388436162,0.2765913388436162
692.1333333333332,700.3285509182875,688.0222117570688,0.011840518568128957,0.011840518568128957,-0.0059397826665349585,0.0059397826665349585,8.530833333333332,6.266666666666666,-0.094969612267685,0.094969612267685
668.4666666666667,686.4430825841015,681.2001585009451,0.026892015434479093,0.026892015434479093,0.01904880597528437,0.01904880597528437,4.853333333333333,8.293333333333331,-0.0089259000698115,0.0089259000698115
658.9333333333333,660.5523822448745,660.0498999267543,0.002457075442444151,0.002457075442444151,0.0016945061616061286,0.0016945061616061286,5.314166666666666,6.518333333333334,0.1027536183231484,0.1027536183231484
692.7333333333331,697.6480055341449,682.5547178031175,0.007094609085956741,0.007094609085956741,-0.014693410928037247,0.014693410928037247,11.5475,12.159999999999998,-0.0705567907078143,0.0705567907078143
649.6666666666666,637.3389394003427,636.5800267097259,-0.018975465263710474,0.018975465263710474,-0.020143622304167406,0.020143622304167406,6.076666666666665,6.808333333333335,-0.1800742042747029,0.1800742042747029
715.0666666666667,710.3089303268407,706.6664804278776,-0.006653556320845623,0.006653556320845623,-0.011747416891836416,0.011747416891836416,8.484999999999998,2.6849999999999987,0.049284008152242,0.049284008152242
706.8,703.5225678743755,704.7794359086231,-0.004637000743667941,0.004637000743667941,-0.0028587494218687815,0.0028587494218687815,13.529166666666663,6.928333333333333,-0.1222045027553688,0.1222045027553688
705.6,686.4707717235646,706.4198193707406,-0.027110584292000382,0.027110584292000382,0.0011618755254259648,0.0011618755254259648,2.7808333333333333,8.546666666666669,0.0096139251199121,0.0096139251199121
713.7333333333332,732.6110460064451,733.0129521821829,0.026449251830438853,0.026449251830438853,0.027012355943652568,0.027012355943652568,6.868333333333335,12.030000000000001,0.2364078492553693,0.2364078492553693
730.7999999999998,653.0119758288151,608.8823355757978,-0.10644228813791012,0.10644228813791012,-0.16682767436261914,0.16682767436261914,12.959999999999999,16.076666666666668,-0.5672565161769155,0.5672565161769155
720.1333333333333,717.4879895866012,716.9201354660659,-0.0036734082763360356,0.0036734082763360356,-0.0044619485288846525,0.0044619485288846525,0.8491666666666667,5.913333333333336,0.100373999556444,0.100373999556444
685.9333333333333,758.3586612552731,754.6875438666168,0.10558654085227887,0.10558654085227887,0.10023453766150772,0.10023453766150772,10.347500000000002,15.284999999999998,0.1519421692925973,0.1519421692925973
717.5333333333333,716.6683100970579,710.7941000551699,-0.0012055512909162217,0.0012055512909162217,-0.009392223280911544,0.009392223280911544,12.28083333333334,10.126666666666669,-0.0128373877972292,0.0128373877972292
645.8000000000001,653.7195483702693,652.505737324109,0.012263159446065715,0.012263159446065715,0.010383613075424116,0.010383613075424116,10.86,3.785,0.0238519945015972,0.0238519945015972
653.9333333333332,659.4243348803705,664.3964707240318,0.008396882781686136,0.008396882781686136,0.01600031204612904,0.01600031204612904,7.561666666666667,8.658333333333331,-0.087329192574499,0.087329192574499
690.9333333333333,672.9072996199641,681.1662496867742,-0.026089396536138367,0.026089396536138367,-0.014136072433267647,0.014136072433267647,10.261666666666665,11.308333333333332,-0.1871986258207017,0.1871986258207017
717.2666666666668,800.767805564609,797.1656270138909,0.11641575271578529,0.11641575271578529,0.11139366160501553,0.11139366160501553,10.143333333333334,13.576666666666666,0.0269518627023643,0.0269518627023643
728.6,732.2597371980976,722.9325629900025,0.005022971723987866,0.005022971723987866,-0.007778530071366415,0.007778530071366415,9.205833333333336,12.685000000000002,0.0638792224240889,0.0638792224240889
698.5333333333334,699.5299302930215,698.092644665708,0.0014266992169613619,0.0014266992169613619,-0.0006308770771503276,0.0006308770771503276,8.613333333333335,5.859999999999999,0.0301101006945784,0.0301101006945784
721.7333333333332,695.9935713785927,700.7359711405054,-0.03566381205626342,0.03566381205626342,-0.02909296442752795,0.02909296442752795,5.199166666666667,9.713333333333336,-0.1169005894094039,0.1169005894094039
678.8666666666667,693.8404041539584,692.4827678766192,0.022056963793516224,0.022056963793516224,0.020057106761198797,0.020057106761198797,2.753333333333334,7.6616666666666635,-0.0907046729040646,0.0907046729040646
656.6,656.6585535791115,655.9905111259421,8.917694046832698e-05,8.917694046832698e-05,-0.0009282498843403717,0.0009282498843403717,7.351666666666667,4.726666666666668,-0.0270783062568664,0.0270783062568664
712.1333333333333,711.206476059416,713.193575556884,-0.0013015221034225824,0.0013015221034225824,0.0014888254402976471,0.0014888254402976471,6.9891666666666685,8.043333333333337,-0.0471328754989972,0.0471328754989972
721.5333333333332,717.6332123962811,710.4856785284987,-0.005405323298141088,0.005405323298141088,-0.015311357486142178,0.015311357486142178,13.409999999999998,10.701666666666668,-0.0889554828508199,0.0889554828508199
703.0666666666666,679.797787505674,678.6333736585107,-0.03309626279299154,0.03309626279299154,-0.03475245544494018,0.03475245544494018,4.443333333333333,13.726666666666667,-0.1283442629657673,0.1283442629657673
697.4666666666667,673.7261578333466,676.2287774241823,-0.034038198480195084,0.034038198480195084,-0.03045004192671242,0.03045004192671242,7.064166666666668,10.543333333333337,-0.0882962507547833,0.0882962507547833
738.6666666666665,751.1343908186686,745.8066849291682,0.016878687931410816,0.016878687931410816,0.009666089705552862,0.009666089705552862,8.4575,1.8949999999999996,0.0982740073199161,0.0982740073199161
659.1333333333332,629.4267495524504,631.0321252880683,-0.04506915714708636,0.04506915714708636,-0.04263357142499987,0.04263357142499987,10.490833333333333,9.793333333333337,-0.1569249171417553,0.1569249171417553
729.2,733.8994081609953,741.2533418047734,0.006444608010141648,0.006444608010141648,0.016529541696068798,0.016529541696068798,11.509999999999998,9.39166666666667,0.0379289854391756,0.0379289854391756
706.0666666666667,709.6729326541312,714.0398970792716,0.005107543179300027,0.005107543179300027,0.011292461164108442,0.011292461164108442,5.338333333333334,9.721666666666666,-0.0109461887268651,0.0109461887268651
658.9333333333333,662.5782173017599,655.4218849625316,0.005531491251153275,0.005531491251153275,-0.005328988826590923,0.005328988826590923,6.030833333333334,5.168333333333331,-0.0751294633435001,0.0751294633435001
733.8,733.3104252459601,735.4623740674709,-0.0006671773699098339,0.0006671773699098339,0.0022654320897669365,0.0022654320897669365,5.700833333333333,4.586666666666664,0.0854188063085363,0.0854188063085363
682.4,678.4608738808816,685.3126592909587,-0.005772459142904935,0.005772459142904935,0.004268258046539693,0.004268258046539693,5.415833333333334,1.2366666666666717,-0.0488267090308788,0.0488267090308788
714.0,728.9653558496872,720.2787879059983,0.020959882142419006,0.020959882142419006,0.008793820596636333,0.008793820596636333,5.596666666666667,7.768333333333334,0.1232344143543777,0.1232344143543777
724.3333333333336,729.0054003584858,717.076263039295,0.006450161562566256,0.006450161562566256,-0.010018964971061127,0.010018964971061127,3.2116666666666664,13.934999999999999,0.0415050331031859,0.0415050331031859
729.6,736.282984123607,729.058648390645,0.009159791836084097,0.009159791836084097,-0.0007419841136993517,0.0007419841136993517,-0.605,7.135000000000002,-0.0171495262316951,0.0171495262316951
685.2000000000002,671.9485365109381,687.1672092090981,-0.019339555588240034,0.019339555588240034,0.0028710000132778353,0.0028710000132778353,2.0933333333333333,5.294999999999998,0.1471801365096886,0.1471801365096886
772.1333333333333,810.2979882284121,793.61577522511,0.049427544761369534,0.049427544761369534,0.027822192054623617,0.027822192054623617,7.710000000000001,14.876666666666665,0.0008056047304685,0.0008056047304685
765.3333333333336,767.7279236602926,769.2649648836722,0.0031288201136224106,0.0031288201136224106,0.0051371492382472714,0.0051371492382472714,-1.4175000000000002,6.699999999999999,0.0041654659296322,0.0041654659296322
734.9333333333333,734.4450974440388,733.4931621667754,-0.0006643267724435526,0.0006643267724435526,-0.001959594294119043,0.001959594294119043,7.151666666666667,7.421666666666669,0.2358240800802633,0.2358240800802633
687.0,664.001572855171,665.9584080274576,-0.03347660428650502,0.03347660428650502,-0.0306282270342684,0.0306282270342684,7.618333333333332,8.541666666666664,-0.2596215429403204,0.2596215429403204
704.1333333333333,708.0937304931417,700.2556795130694,0.0056244989014510435,0.0056244989014510435,-0.005506988004540748,0.005506988004540748,8.828333333333333,10.37,-0.2053056441881131,0.2053056441881131
679.0666666666668,680.2407849552413,676.8549661965778,0.0017290177035752569,0.0017290177035752569,-0.0032569710437203004,0.0032569710437203004,2.671666666666667,6.634999999999998,0.0110945027060825,0.0110945027060825
712.3333333333335,701.2948580738788,707.8328119339667,-0.015496221702556878,0.015496221702556878,-0.006317999156808782,0.006317999156808782,4.347499999999999,10.95,0.005333547054398,0.005333547054398
712.9999999999999,686.8556369166542,713.2767946442544,-0.0366681109163333,0.0366681109163333,0.0003882112822644472,0.0003882112822644472,8.626666666666667,17.276666666666664,-0.6093273890555022,0.6093273890555022
760.8,764.6285626909245,752.854954553102,0.005032285345589529,0.005032285345589529,-0.01044301452010779,0.01044301452010779,7.493333333333333,7.285,-0.0166334972576141,0.0166334972576141
713.4,713.7616417008796,698.8398844708915,0.0005069269706751596,0.0005069269706751596,-0.02040946948291061,0.02040946948291061,14.241666666666665,11.236666666666666,-0.1642889369962152,0.1642889369962152
690.1999999999999,660.1658878629477,650.5003363843294,-0.04351508568103776,0.04351508568103776,-0.05751907217570341,0.05751907217570341,7.482500000000001,11.521666666666668,-0.0576743566606364,0.0576743566606364
692.4,649.8921888829282,688.2515285645547,-0.061391986015412785,0.061391986015412785,-0.005991437659510732,0.005991437659510732,7.676666666666667,7.913333333333336,0.1559392130077944,0.1559392130077944
744.3333333333334,733.5679503185095,733.9187640087803,-0.014463120933484858,0.014463120933484858,-0.013991808317805327,0.013991808317805327,6.553333333333334,3.6616666666666653,-0.10247779144352,0.10247779144352
653.2666666666667,661.9436291886548,656.4783964564307,0.013282420433699536,0.013282420433699536,0.00491641461847745,0.00491641461847745,3.2175,8.353333333333332,-0.0765553918828558,0.0765553918828558
708.2,716.7628712091994,721.57018542312,0.012091035313752229,0.012091035313752229,0.018879109606212943,0.018879109606212943,4.209999999999999,12.611666666666666,0.0455969589073957,0.0455969589073957
709.8666666666667,723.0600812041876,737.4185852513389,0.01858576428088028,0.01858576428088028,0.0388128079235615,0.0388128079235615,11.699166666666665,13.118333333333334,-0.0287234162569672,0.0287234162569672
718.0666666666667,715.2252343577067,714.3719362684874,-0.003957059199183083,0.003957059199183083,-0.00514538631256986,0.00514538631256986,14.901666666666664,5.368333333333332,0.0715259146842987,0.0715259146842987
698.6666666666665,693.2803566087179,694.8696842096696,-0.007709413250880721,0.007709413250880721,-0.005434612295320053,0.005434612295320053,12.074166666666665,12.421666666666667,-0.0429317963190222,0.0429317963190222
684.9333333333334,666.3334638356878,675.0258784776258,-0.02715573705126379,0.02715573705126379,-0.014464845516411654,0.014464845516411654,12.368333333333332,10.776666666666667,0.0327216768669994,0.0327216768669994
734.5333333333334,750.3362791997057,748.7037737966155,0.02151426647264333,0.02151426647264333,0.019291759570632644,0.019291759570632644,1.6633333333333329,8.076666666666664,0.0226359458659993,0.0226359458659993
698.7333333333332,687.0131904397037,688.981700187513,-0.016773413167106413,0.016773413167106413,-0.01395615849511537,0.01395615849511537,7.0133333333333345,10.793333333333337,0.0120853492969352,0.0120853492969352
655.9333333333334,654.5648571053412,654.3346831422807,-0.002086303833711097,0.002086303833711097,-0.0024372144390476936,0.0024372144390476936,4.994999999999999,2.9849999999999994,0.0474173422188327,0.0474173422188327
704.1333333333333,746.887639438354,728.142543918177,0.060719048624816294,0.060719048624816294,0.03409753444164507,0.03409753444164507,7.066666666666666,14.558333333333334,0.0861918524990479,0.0861918524990479
705.0,703.5725272090045,715.0499047866592,-0.002024784100702789,0.002024784100702789,0.014255184094552094,0.014255184094552094,9.034166666666668,7.763333333333332,0.0687272874803666,0.0687272874803666
703.0666666666668,707.1471551666945,694.4672828017457,0.005803842926267248,0.005803842926267248,-0.012231249570815212,0.012231249570815212,6.800833333333332,10.308333333333334,0.000138768877092,0.000138768877092
701.0666666666667,707.9218749221235,704.7259262495648,0.009778254453390223,0.009778254453390223,0.005219560074502848,0.005219560074502848,9.305,2.6533333333333324,0.0538802517243221,0.0538802517243221
725.9333333333333,714.8760610238887,706.6739057633912,-0.015231801326262132,0.015231801326262132,-0.026530573381314298,0.026530573381314298,3.51,6.611666666666668,-0.0326802710240954,0.0326802710240954
732.6666666666665,761.0346791529914,746.8646366964077,0.03871885234712227,0.03871885234712227,0.019378485026944337,0.019378485026944337,6.153333333333332,12.116666666666667,-0.0131909269814762,0.0131909269814762
658.8000000000001,661.0125527146504,661.0666212074491,0.003358458886840186,0.003358458886840186,0.0034405300659517612,0.0034405300659517612,13.58833333333333,11.005,0.1097037313787966,0.1097037313787966
726.0666666666666,711.010496912301,705.6882603538983,-0.020736621643144187,0.020736621643144187,-0.02806685287774539,0.02806685287774539,0.7658333333333336,8.480000000000002,0.059534296284394,0.059534296284394
681.9333333333333,687.0818528380872,697.8708557445684,0.0075498868483047455,0.0075498868483047455,0.023371085753106566,0.023371085753106566,4.376666666666666,9.01,-0.1174799547149171,0.1174799547149171
643.2,643.9654419546541,646.664751379226,0.001190052790196019,0.001190052790196019,0.005386740328398567,0.005386740328398567,12.021666666666668,0.7749999999999986,0.0207482850161846,0.0207482850161846
705.5333333333334,701.7434468208638,701.8011179424192,-0.0053716618810397705,0.0053716618810397705,-0.005289920709034632,0.005289920709034632,4.580833333333332,4.788333333333336,0.0832681676968364,0.0832681676968364
726.8666666666667,725.3955237934615,721.309710842575,-0.0020239514902391552,0.0020239514902391552,-0.00764508276266856,0.00764508276266856,11.86,6.436666666666667,0.0269150603434423,0.0269150603434423
678.9333333333333,672.8115576454403,658.9600425798569,-0.009016755235506154,0.009016755235506154,-0.029418633277901163,0.029418633277901163,11.051666666666668,14.576666666666668,0.249655388183786,0.249655388183786
739.2666666666668,733.4220024917503,742.7699669017433,-0.007906029635111129,0.007906029635111129,0.00473888569989606,0.00473888569989606,6.395,7.195,-0.0967881218337493,0.0967881218337493
694.4666666666667,726.6450896005401,700.9814318552106,0.04633544629049645,0.04633544629049645,0.0093809616807295,0.0093809616807295,4.099166666666666,8.593333333333335,-0.2090142069281954,0.2090142069281954
705.6666666666665,701.9173020262273,704.3125857454966,-0.005313223392214322,0.005313223392214322,-0.0019188676256541607,0.0019188676256541607,7.521666666666667,4.15,0.0128462841739323,0.0128462841739323
685.0666666666667,696.8437549767203,692.1435145024553,0.017191156544453502,0.017191156544453502,0.010330159355471893,0.010330159355471893,6.411666666666666,8.936666666666667,-0.0884826748009825,0.0884826748009825
687.2,697.1639958883414,695.5262543551016,0.01449941194461787,0.01449941194461787,0.01211620249578228,0.01211620249578228,3.51,6.5116666666666685,-0.053800068959694,0.053800068959694
668.3333333333333,647.2121793104197,640.2557005166553,-0.031602724223810746,0.031602724223810746,-0.04201142067333355,0.04201142067333355,6.612500000000001,10.178333333333336,-0.1306309146529568,0.1306309146529568
693.0666666666667,687.4083327595426,683.7474251908932,-0.008164198596273674,0.008164198596273674,-0.013446385353655546,0.013446385353655546,8.819999999999999,7.403333333333332,-0.1141132660280826,0.1141132660280826
654.4,628.4783729167359,658.258468830167,-0.03961128833017126,0.03961128833017126,0.005896193200132944,0.005896193200132944,12.355833333333335,16.801666666666666,-0.0719812555184229,0.0719812555184229
718.5333333333333,662.6507365737887,686.8528760103117,-0.07777314449741786,0.07777314449741786,-0.04409044904855489,0.04409044904855489,9.108333333333333,18.084999999999997,-0.2684062448067756,0.2684062448067756
